Generation,Opinion
Millennials,Reduce
Boomers,Reduce
Boomers,Reduce
Generation X,Spend
Generation X,Reduce
Boomers,Reduce
Boomers,Spend
Generation X,Spend
Boomers,Spend
Generation X,Spend
Millennials,Reduce
Boomers,Reduce
Boomers,Reduce
Generation X,Reduce
Generation X,Spend
Boomers,Reduce
Boomers,Reduce
Millennials,Spend
Boomers,Reduce
Boomers,Reduce
Generation X,Reduce
Boomers,Spend
Millennials,Spend
Boomers,Reduce
Boomers,Reduce
Boomers,None
Boomers,Spend
Boomers,Reduce
Boomers,Reduce
Generation X,Reduce
Boomers,Reduce
Generation X,Reduce
Generation X,Spend
Boomers,Reduce
Boomers,Reduce
Generation X,Reduce
Generation X,Reduce
Boomers,Spend
Generation X,Reduce
Generation X,Spend
Millennials,Reduce
Boomers,Reduce
Generation X,Spend
Generation X,None
Generation X,Reduce
Boomers,Spend
Boomers,Spend
Boomers,Spend
Boomers,Reduce
Boomers,Reduce
Generation X,Reduce
Boomers,Reduce
Millennials,Spend
Generation X,Reduce
Boomers,Spend
Millennials,None
Boomers,Reduce
Boomers,Reduce
Generation X,Spend
Generation X,Reduce
Boomers,Spend
Millennials,None
Boomers,Reduce
Millennials,Spend
Millennials,Spend
Boomers,Spend
Generation X,Spend
Generation X,Spend
Generation X,Spend
Boomers,Spend
Boomers,Spend
Millennials,Spend
Boomers,Reduce
Boomers,Reduce
Generation X,Spend
Boomers,Spend
Boomers,Reduce
Generation X,Spend
Millennials,None
Boomers,Reduce
Generation X,Spend
Generation X,Spend
Millennials,Reduce
Boomers,Spend
Generation X,Spend
Boomers,Reduce
Boomers,Reduce
Generation X,Reduce
Boomers,Spend
Boomers,Reduce
Generation X,Reduce
Generation X,Reduce
Boomers,Reduce
Boomers,Reduce
Boomers,Reduce
Boomers,Reduce
Generation X,Reduce
Generation X,Spend
Generation X,Spend
Boomers,Reduce
Boomers,Spend
Generation X,Spend
Boomers,Spend
Boomers,Reduce
Boomers,Reduce
Boomers,Reduce
Millennials,Spend
Boomers,Spend
Millennials,Spend
Boomers,Spend
Millennials,Spend
Generation X,Spend
Generation X,Reduce
Generation X,Spend
Generation X,Reduce
Boomers,Spend
Millennials,Spend
Boomers,Reduce
Boomers,Spend
Generation X,Spend
Millennials,Spend
Millennials,Reduce
Boomers,Reduce
Boomers,Spend
Generation X,Spend
Generation X,Spend
Generation X,Reduce
Generation X,Spend
Boomers,Spend
Boomers,Reduce
Boomers,Reduce
Millennials,Spend
Boomers,Reduce
Generation X,Spend
Boomers,Reduce
Boomers,Reduce
Boomers,Reduce
Boomers,None
Generation X,Spend
Millennials,Spend
Boomers,Reduce
Generation X,Spend
Generation X,Spend
Generation X,Spend
Boomers,Spend
Generation X,Reduce
Boomers,Spend
Boomers,Spend
Boomers,Reduce
Millennials,Spend
Boomers,Spend
Generation X,Spend
Boomers,Spend
Millennials,Reduce
Boomers,Reduce
Millennials,Reduce
Generation X,Reduce
Millennials,Reduce
Millennials,Spend
Millennials,Spend
Generation X,Reduce
Boomers,Reduce
Boomers,None
Boomers,Spend
Boomers,Reduce
Boomers,Spend
Generation X,Reduce
Millennials,Reduce
Millennials,Spend
Boomers,Reduce
Boomers,Reduce
Boomers,Reduce
Boomers,Reduce
Millennials,Spend
Boomers,Spend
Boomers,None
Boomers,Reduce
Generation X,Spend
Generation X,Reduce
Boomers,Reduce
Generation X,Reduce
Millennials,Spend
Boomers,Reduce
Millennials,Reduce
Millennials,Spend
Boomers,Spend
Boomers,Spend
Boomers,Spend
Generation X,Reduce
Generation X,Spend
Generation X,Spend
Generation X,Reduce
Generation X,Spend
Millennials,Spend
Boomers,Spend
Boomers,Reduce
Generation X,Reduce
Generation X,Reduce
Generation X,Spend
Generation X,Spend
Generation X,Reduce
Millennials,Reduce
Generation X,Reduce
Millennials,Spend
Generation X,Spend
Boomers,Reduce
Millennials,Spend
Boomers,Reduce
Generation X,Reduce
Boomers,Spend
Boomers,None
Boomers,Spend
Boomers,Reduce
Boomers,None
Generation X,Reduce
Millennials,Reduce
Boomers,Reduce
Generation X,Spend
Boomers,Spend
Millennials,Reduce
Boomers,Reduce
Boomers,Spend
Boomers,Reduce
Millennials,Reduce
Generation X,Spend
Boomers,Spend
Boomers,Spend
Millennials,None
Boomers,Reduce
Boomers,Spend
Generation X,Reduce
Generation X,Spend
Generation X,Reduce
Generation X,Reduce
Boomers,None
Boomers,Reduce
Generation X,Reduce
Boomers,Spend
Generation X,Reduce
Boomers,Reduce
Boomers,Reduce
Millennials,Spend
Millennials,Spend
Generation X,Reduce
Boomers,Reduce
Generation X,Spend
Boomers,Reduce
Boomers,Spend
Millennials,Spend
Boomers,Spend
Generation X,Reduce
Generation X,Reduce
Generation X,Spend
Boomers,Spend
Generation X,Spend
Boomers,None
Boomers,Reduce
Millennials,Spend
Generation X,Reduce
Boomers,Reduce
Millennials,Reduce
Boomers,Reduce
Boomers,Spend
Millennials,Reduce
Generation X,Spend
Boomers,Spend
Generation X,Spend
Millennials,Spend
Generation X,Spend
Boomers,Reduce
Millennials,Spend
Generation X,Spend
Boomers,Spend
Generation X,Reduce
Boomers,Reduce
Boomers,Reduce
Millennials,Spend
Millennials,Reduce
Millennials,Spend
Boomers,None
Boomers,Spend
Boomers,Reduce
Boomers,Reduce
Generation X,Reduce
Boomers,Spend
Generation X,Spend
Boomers,Reduce
Millennials,Reduce
Boomers,Spend
Millennials,Reduce
Generation X,Spend
Generation X,Spend
Millennials,Reduce
Millennials,Spend
Generation X,Spend
Boomers,Spend
Generation X,None
Boomers,Spend
Boomers,Reduce
Generation X,Reduce
Millennials,Spend
Generation X,Spend
Boomers,Spend
Boomers,Reduce
Boomers,Spend
Boomers,Spend
Boomers,Reduce
Boomers,Spend
Boomers,Reduce
Boomers,Reduce
Boomers,Reduce
Boomers,None
Boomers,Reduce
Boomers,Spend
Boomers,Spend
Boomers,None
Millennials,Spend
Millennials,Reduce
Millennials,Spend
Millennials,Reduce
Millennials,Spend
Boomers,Reduce
Millennials,Reduce
Generation X,Spend
Boomers,Spend
Millennials,Reduce
Millennials,Spend
Boomers,Reduce
Boomers,None
Boomers,Reduce
Millennials,Reduce
Boomers,Spend
Millennials,Spend
Generation X,Reduce
Boomers,Spend
Generation X,Spend
Millennials,Reduce
Millennials,Spend
Boomers,Reduce
Millennials,Spend
Boomers,Reduce
Boomers,Reduce
Generation X,Reduce
Generation X,Reduce
Boomers,Spend
Generation X,Reduce
Boomers,Spend
Boomers,Reduce
Boomers,Spend
Boomers,Spend
Millennials,Reduce
Boomers,Spend
Boomers,Reduce
Generation X,Spend
Generation X,Spend
Boomers,Spend
Boomers,Spend
Generation X,Reduce
Generation X,Spend
Millennials,Reduce
Boomers,Reduce
Millennials,Reduce
Boomers,Reduce
Generation X,Spend
Boomers,Reduce
Boomers,Reduce
Boomers,Spend
Boomers,Spend
Generation X,Reduce
Generation X,Spend
Millennials,Spend
Boomers,Spend
Boomers,Spend
Generation X,Reduce
Boomers,Spend
Generation X,Spend
Generation X,Spend
Boomers,Spend
Millennials,Reduce
Generation X,Reduce
Boomers,Spend
Boomers,Spend
Generation X,Reduce
Boomers,Reduce
Boomers,Spend
Boomers,Spend
Boomers,Spend
Millennials,Reduce
Boomers,Spend
Boomers,Reduce
Boomers,Reduce
Millennials,Spend
Boomers,Spend
Boomers,Reduce
Generation X,Spend
Generation X,Reduce
Boomers,Spend
Boomers,Reduce
Generation X,Spend
Boomers,Reduce
Boomers,Spend
Millennials,Spend
Generation X,Spend
Millennials,Reduce
Boomers,Spend
Boomers,Reduce
Boomers,Reduce
Boomers,Reduce
Generation X,Spend
Boomers,Reduce
Boomers,Reduce
Millennials,Reduce
Boomers,Reduce
Boomers,Reduce
Boomers,Reduce
Boomers,Reduce
Boomers,Reduce
Millennials,Spend
Generation X,Spend
Millennials,Spend
Millennials,Reduce
Millennials,Reduce
Boomers,Reduce
Boomers,Reduce
Generation X,Spend
Millennials,Reduce
Boomers,Reduce
Generation X,Spend
Boomers,Reduce
Generation X,Spend
Boomers,Spend
Generation X,Spend
Boomers,Reduce
Generation X,None
Millennials,None
Generation X,Reduce
Boomers,Reduce
Millennials,Reduce
Boomers,Spend
Millennials,Spend
Boomers,Spend
Boomers,Reduce
Millennials,Spend
Millennials,Reduce
Generation X,Reduce
Boomers,Spend
Boomers,Reduce
Boomers,Spend
Boomers,Reduce
Generation X,None
Boomers,None
Boomers,Spend
Boomers,Reduce
Boomers,Reduce
Millennials,Reduce
Boomers,Spend
Generation X,Spend
Boomers,Reduce
Generation X,Spend
Boomers,Reduce
Millennials,Reduce
Boomers,Reduce
Millennials,Spend
Generation X,Reduce
Generation X,Reduce
Boomers,Reduce
Millennials,Reduce
Generation X,Spend
Boomers,Spend
Boomers,Reduce
Generation X,Reduce
Boomers,Spend
Boomers,Reduce
Millennials,Reduce
Boomers,Reduce
Boomers,Spend
Millennials,Spend
Millennials,Spend
Generation X,Reduce
Boomers,None
Generation X,Spend
Boomers,Spend
Generation X,Spend
Generation X,Reduce
Boomers,Reduce
Generation X,Reduce
Generation X,Spend
Generation X,Reduce
Millennials,Reduce
Boomers,Spend
Generation X,Spend
Millennials,Spend
Millennials,Reduce
Boomers,Spend
Generation X,Reduce
Boomers,Spend
Generation X,Spend
Generation X,Reduce
Boomers,Reduce
Millennials,Spend
Boomers,Spend
Generation X,Reduce
Boomers,Spend
Millennials,Reduce
Generation X,Reduce
Generation X,Reduce
Millennials,Spend
Boomers,Reduce
Generation X,Spend
Generation X,Spend
Millennials,Spend
Millennials,Spend
Boomers,Reduce
Millennials,Reduce
Boomers,Spend
Boomers,Spend
Boomers,Reduce
Generation X,Reduce
Millennials,Spend
Millennials,Reduce
Boomers,Reduce
Millennials,Reduce
Boomers,Reduce
Millennials,Spend
Boomers,Reduce
Generation X,Reduce
Boomers,Reduce
Boomers,Spend
Generation X,Spend
Boomers,Spend
Millennials,Spend
Millennials,Spend
Millennials,Spend
Boomers,Spend
Boomers,Reduce
Generation X,Spend
Boomers,Spend
Boomers,Spend
Millennials,Reduce
Boomers,Spend
Boomers,Spend
Generation X,Spend
Boomers,Spend
Boomers,Spend
Millennials,Reduce
Millennials,Reduce
Boomers,Spend
Millennials,Spend
Boomers,Reduce
Boomers,None
Generation X,Spend
Generation X,Spend
Boomers,Reduce
Boomers,Reduce
Generation X,Spend
Generation X,Reduce
Millennials,Spend
Boomers,Reduce
Millennials,Reduce
Millennials,Spend
Generation X,Spend
Boomers,Reduce
Millennials,Spend
Boomers,Spend
Boomers,Spend
Boomers,Spend
Boomers,Spend
Generation X,Spend
Generation X,Reduce
Boomers,Reduce
Millennials,Spend
Boomers,Reduce
Boomers,Spend
Boomers,Spend
Boomers,Reduce
Millennials,Spend
Generation X,Spend
Generation X,Spend
Boomers,Reduce
Generation X,Reduce
Millennials,Reduce
Boomers,Spend
Boomers,Reduce
Boomers,Spend
Millennials,Reduce
Millennials,Reduce
Boomers,Spend
Boomers,Reduce
Millennials,Spend
Boomers,None
Generation X,Spend
Boomers,Reduce
Boomers,Reduce
Boomers,Spend
Boomers,Reduce
Boomers,Spend
Boomers,Reduce
Boomers,Reduce
Boomers,Reduce
Millennials,Reduce
Millennials,Spend
Millennials,Spend
Generation X,Reduce
Generation X,Reduce
Boomers,Spend
Generation X,Reduce
Generation X,None
Millennials,Spend
Boomers,Spend
Boomers,Spend
Boomers,Spend
Millennials,Spend
Boomers,Reduce
Boomers,Reduce
Generation X,Spend
Boomers,Spend
Boomers,Reduce
Millennials,Spend
Millennials,Spend
Boomers,Reduce
Boomers,Spend
Boomers,Reduce
Boomers,Spend
Generation X,Reduce
Millennials,Reduce
Boomers,Reduce
Boomers,Reduce
Millennials,Spend
Boomers,Reduce
Generation X,Reduce
Boomers,Reduce
Millennials,Spend
Generation X,Spend
Millennials,Reduce
Millennials,Spend
Boomers,Reduce
Boomers,Reduce
Generation X,Spend
Boomers,Reduce
Generation X,None
Boomers,Reduce
Generation X,Spend
Boomers,Spend
Millennials,Reduce
Millennials,Spend
Boomers,Reduce
Generation X,Spend
Millennials,Reduce
Boomers,Spend
Boomers,Spend
Boomers,Spend
Millennials,Reduce
Millennials,Spend
Millennials,Reduce
Boomers,Spend
Boomers,Reduce
Boomers,Spend
Boomers,Reduce
Boomers,None
Millennials,Spend
Boomers,Spend
Millennials,Spend
Boomers,Reduce
Boomers,Reduce
Boomers,Reduce
Boomers,Spend
Boomers,Reduce
Millennials,Spend
Boomers,Spend
Millennials,Spend
Boomers,Spend
Millennials,Spend
Generation X,Reduce
Millennials,Reduce
Millennials,Spend
Boomers,Spend
Millennials,Reduce
Generation X,Reduce
Millennials,Reduce
Generation X,Reduce
Boomers,Spend
Boomers,Spend
Millennials,Reduce
Generation X,Spend
Boomers,Spend
Generation X,Reduce
Boomers,Reduce
Millennials,Reduce
Boomers,Spend
Boomers,Spend
Boomers,Reduce
Boomers,Reduce
Boomers,Reduce
Boomers,Reduce
Boomers,Reduce
Generation X,Reduce
Millennials,Reduce
Boomers,Reduce
Boomers,None
Boomers,Reduce
Millennials,Spend
Boomers,Spend
Boomers,None
Boomers,Reduce
Generation X,Spend
Millennials,Spend
Generation X,Spend
Generation X,Spend
Boomers,Reduce
Millennials,Reduce
Boomers,None
Boomers,Reduce
Boomers,Reduce
Boomers,Spend
Boomers,Reduce
Millennials,Spend
Boomers,Reduce
Generation X,Reduce
Boomers,Reduce
Generation X,Spend
Generation X,Spend
Boomers,Spend
Generation X,Reduce
Generation X,Spend
Boomers,Spend
Millennials,Spend
Millennials,Spend
Boomers,Spend
Generation X,Reduce
Boomers,Spend
Millennials,Spend
Boomers,Reduce
Boomers,Reduce
Boomers,Spend
Boomers,Spend
Millennials,Reduce
Generation X,Spend
Boomers,Spend
Generation X,Spend
Millennials,Reduce
Millennials,Spend
Millennials,Spend
Boomers,Reduce
Boomers,Spend
Generation X,Spend
Boomers,Reduce
Millennials,Spend
Boomers,Reduce
Boomers,Reduce
Boomers,Reduce
Generation X,Reduce
Boomers,Spend
Boomers,Reduce
Generation X,Spend
Generation X,Spend
Millennials,Reduce
Generation X,Spend
Generation X,Spend
Generation X,Spend
Boomers,Reduce
Boomers,Spend
Boomers,Spend
Boomers,Reduce
Boomers,None
Generation X,Spend
Millennials,Reduce
Millennials,Reduce
Millennials,Reduce
Boomers,None
Boomers,Spend
Boomers,Spend
Millennials,Spend
Boomers,Spend
Boomers,Spend
Boomers,Spend
Millennials,Reduce
Generation X,Reduce
Boomers,Reduce
Boomers,None
Boomers,Reduce
Millennials,Spend
Millennials,Spend
Boomers,Spend
Millennials,Spend
Generation X,None
Boomers,Spend
Generation X,Reduce
Millennials,Spend
Generation X,Reduce
Generation X,Spend
Generation X,Reduce
Boomers,Reduce
Boomers,Spend
Boomers,Spend
Millennials,Spend
Boomers,None
Boomers,Reduce
Generation X,Spend
Millennials,Spend
Boomers,Reduce
Boomers,Spend
Millennials,Spend
Generation X,Reduce
Boomers,Reduce
Boomers,Reduce
Boomers,Reduce
Boomers,None
Boomers,Reduce
Generation X,Reduce
Boomers,Reduce
Boomers,Reduce
Generation X,None
Boomers,Spend
Generation X,Spend
Boomers,Spend
Boomers,Reduce
Boomers,Reduce
Millennials,Reduce
Boomers,Reduce
Millennials,Spend
Millennials,Spend
Millennials,Reduce
Millennials,Spend
Boomers,Reduce
Boomers,Spend
Millennials,Spend
Boomers,Reduce
Boomers,Spend
Generation X,Reduce
Boomers,Spend
Boomers,Reduce
Boomers,Spend
Generation X,Spend
Boomers,Reduce
Millennials,Spend
Millennials,None
Boomers,Reduce
Boomers,Reduce
Generation X,Reduce
Boomers,Reduce
Boomers,Spend
Millennials,Spend
Boomers,Spend
Millennials,Reduce
Generation X,Reduce
Generation X,Spend
Millennials,Reduce
Boomers,None
Millennials,Spend
Millennials,Spend
Boomers,Spend
Boomers,Reduce
Boomers,Reduce
Generation X,Reduce
Boomers,None
Millennials,Spend
Boomers,Reduce
Millennials,Reduce
Boomers,Spend
Boomers,Reduce
Millennials,Spend
Generation X,Spend
Generation X,Spend
Generation X,Reduce
Generation X,Reduce
Boomers,Reduce
Millennials,Reduce
Boomers,Reduce
Millennials,Reduce
Generation X,None
Generation X,Reduce
Boomers,Spend
Boomers,Reduce
Generation X,None
Generation X,Spend
Millennials,Spend
Boomers,Reduce
Generation X,Reduce
Boomers,Reduce
Boomers,Spend
Generation X,Reduce
Millennials,Spend
Generation X,Reduce
Boomers,Spend
Boomers,Reduce
Generation X,Spend
Generation X,Spend
Millennials,Spend
Generation X,Spend
Boomers,Reduce
Boomers,None
Millennials,Reduce
Boomers,Reduce
Generation X,Spend
Generation X,Reduce
Boomers,Spend
Boomers,Reduce
Generation X,None
Boomers,Reduce
Boomers,Reduce
Boomers,Spend
Millennials,Spend
Generation X,Spend
Boomers,Spend
Boomers,Spend
Boomers,Reduce
Generation X,Reduce
Millennials,Spend
Millennials,Spend
Boomers,Spend
Millennials,Spend
Boomers,Spend
Generation X,Spend
Boomers,Reduce
Boomers,Spend
Boomers,Reduce
Generation X,Reduce
Boomers,Reduce
Boomers,Spend
Generation X,Spend
Generation X,Spend
Boomers,Spend
Millennials,Spend
Boomers,Reduce
Boomers,Spend
Boomers,Spend
Generation X,Reduce
Generation X,Spend
Generation X,Spend
Generation X,Reduce
Boomers,Spend
Millennials,Reduce
Generation X,Reduce
Boomers,Spend
Millennials,Reduce
Boomers,Reduce
Boomers,Spend
Boomers,Reduce
Generation X,Reduce
Boomers,Reduce
Millennials,Spend
Boomers,Spend
Boomers,Reduce
Millennials,Reduce
Boomers,Reduce
Generation X,Reduce
Boomers,Reduce
Millennials,Spend
Millennials,Reduce
Millennials,Spend
Boomers,Spend
Millennials,Spend
Boomers,Reduce
Boomers,Reduce
Boomers,None
Boomers,Spend
Boomers,Reduce
Boomers,Spend
Boomers,None
Generation X,Reduce
Generation X,Spend
Boomers,Spend
Boomers,Reduce
Boomers,Spend
Millennials,Spend
Generation X,Spend
Millennials,Spend
Boomers,Reduce
Boomers,Spend
Boomers,Spend
Generation X,Reduce
Boomers,Reduce
Generation X,Reduce
Generation X,Reduce
Millennials,None
Boomers,Spend
Boomers,Reduce
Generation X,Reduce
Boomers,Spend
Boomers,Reduce
Boomers,Spend
Boomers,Reduce
Generation X,Spend
Millennials,Reduce
Boomers,Reduce
Generation X,Reduce
Boomers,Reduce
Generation X,Spend
Generation X,Reduce
Generation X,Reduce
Generation X,Spend
Boomers,Spend
Millennials,Spend
Boomers,Spend
Boomers,Reduce
Generation X,None
Boomers,Reduce
Boomers,Spend
Boomers,None
Boomers,Spend
Millennials,Spend
Generation X,Reduce
Generation X,Spend
Boomers,Spend
Generation X,Spend
Boomers,Spend
Boomers,Reduce
Boomers,Reduce
Boomers,Spend
Millennials,Spend
Boomers,Spend
Boomers,Spend
Boomers,None
Boomers,Spend
Boomers,Reduce
Boomers,Reduce
Generation X,Reduce
Generation X,Spend
Generation X,Spend
Boomers,Reduce
Millennials,Spend
Generation X,Spend
Boomers,Spend
Millennials,Spend
Boomers,Reduce
Generation X,Reduce
Generation X,Spend
Boomers,Reduce
Boomers,Reduce
Generation X,Reduce
Boomers,Spend
Boomers,Reduce
Boomers,Reduce
Boomers,Spend
Boomers,Spend
Boomers,Reduce
Generation X,Spend
Boomers,Reduce
Boomers,Spend
Boomers,Spend
Boomers,Reduce
Boomers,Reduce
Boomers,Reduce
Generation X,Reduce
Generation X,Reduce
Boomers,Reduce
Generation X,None
Generation X,Reduce
Millennials,Spend
Boomers,Reduce
Millennials,Spend
Boomers,Spend
Boomers,Spend
Boomers,Reduce
Generation X,Spend
Millennials,Reduce
Boomers,Spend
Generation X,Spend
Generation X,Reduce
Boomers,Spend
Boomers,Reduce
Boomers,Reduce
Boomers,Spend
Boomers,Spend
Generation X,Reduce
Generation X,Spend
Boomers,Reduce
Boomers,Spend
Boomers,Spend
Boomers,Spend
Millennials,Reduce
Generation X,Reduce
Generation X,Reduce
Generation X,Spend
Boomers,Reduce
Boomers,Reduce
Generation X,None
Boomers,Spend
Boomers,Reduce
Generation X,Reduce
Millennials,Reduce
Generation X,Spend
Generation X,Spend
Millennials,Spend
Generation X,Spend
Boomers,Spend
Boomers,Reduce
Generation X,Reduce
Generation X,Reduce
Generation X,Spend
Millennials,Spend
Generation X,Reduce
Generation X,Spend
Boomers,Reduce
Millennials,Reduce
Boomers,Reduce
Boomers,Spend
Generation X,Reduce
Boomers,Spend
Boomers,Reduce
Boomers,Reduce
Boomers,Reduce
Boomers,Spend
Generation X,Reduce
Generation X,Reduce
Boomers,Reduce
Boomers,Spend
Boomers,Reduce
Boomers,Spend
Generation X,Reduce
Generation X,Reduce
Boomers,Spend
Generation X,Spend
Millennials,Spend
Generation X,Reduce
Millennials,Reduce
Millennials,Spend
Generation X,Reduce
Millennials,Spend
Boomers,Reduce
Millennials,Reduce
Generation X,Spend
Boomers,Spend
Boomers,Reduce
Generation X,Reduce
Millennials,Reduce
Millennials,Spend
Boomers,Spend
Millennials,Spend
Boomers,Reduce
Boomers,Spend
Boomers,Reduce
Boomers,Reduce
Generation X,Spend
Millennials,Spend
Boomers,Reduce
Generation X,Reduce
Boomers,Reduce
Boomers,Reduce
Generation X,Spend
Boomers,Reduce
Millennials,Spend
Millennials,Spend
Boomers,Reduce
Generation X,Reduce
Boomers,Reduce
Millennials,Reduce
Generation X,Reduce
Millennials,Reduce
Millennials,Spend
Millennials,Reduce
Millennials,Spend
Boomers,Spend
Generation X,Reduce
Boomers,Spend
Boomers,Spend
Millennials,Spend
Generation X,Spend
Boomers,Reduce
Boomers,Reduce
Boomers,Spend
Boomers,Spend
Millennials,Spend
Boomers,Reduce
Boomers,Spend
Boomers,Reduce
Boomers,Spend
Generation X,Spend
Generation X,Reduce
Boomers,Reduce
Generation X,Reduce
Boomers,Spend
Millennials,Spend
Boomers,Reduce
Boomers,Spend
Boomers,Reduce
Boomers,Spend
Generation X,Reduce
Boomers,Reduce
Generation X,Reduce
Millennials,Spend
Millennials,Reduce
Boomers,Reduce
Boomers,Spend
Boomers,None
Boomers,Reduce
Boomers,Spend
Generation X,Spend
Millennials,Reduce
Millennials,Spend
Boomers,Reduce
Generation X,Spend
Millennials,Reduce
Millennials,Spend
Millennials,Reduce
Boomers,Reduce
Boomers,Reduce
Millennials,Spend
Millennials,None
Millennials,Spend
Generation X,Spend
Boomers,Reduce
Boomers,Reduce
Millennials,Spend
Millennials,Spend
Boomers,Spend
Generation X,Reduce
Generation X,Reduce
Generation X,None
Generation X,Spend
Boomers,Reduce
Boomers,Reduce
Generation X,Reduce
Generation X,Spend
Generation X,Spend
Boomers,Spend
Millennials,Reduce
Generation X,Reduce
Boomers,Reduce
Boomers,Reduce
Boomers,Spend
Boomers,Reduce
Millennials,Spend
Millennials,Reduce
Generation X,Spend
Boomers,Spend
Boomers,Reduce
Generation X,Spend
Boomers,Spend
Millennials,Spend
Boomers,Spend
Boomers,Reduce
Boomers,Spend
Boomers,Reduce
Boomers,Reduce
Millennials,Spend
Boomers,Spend
Boomers,Spend
Generation X,Spend
Millennials,None
Generation X,Reduce
Millennials,Spend
Generation X,Spend
Boomers,Spend
Generation X,Reduce
Millennials,Spend
Boomers,Spend
Boomers,Spend
Boomers,Reduce
Boomers,Spend
Boomers,Spend
Millennials,Spend
Millennials,None
Millennials,Spend
Boomers,Reduce
Millennials,Reduce
Generation X,Reduce
Generation X,Reduce
Boomers,Spend
Boomers,Reduce
Generation X,Reduce
Boomers,Reduce
Millennials,Reduce
Boomers,Spend
Boomers,Spend
Millennials,Spend
Boomers,Reduce
Generation X,Spend
Generation X,Spend
Generation X,Reduce
Boomers,Reduce
Generation X,Spend
Boomers,Reduce
Boomers,Spend
Boomers,Reduce
Millennials,Spend
Boomers,Spend
Generation X,Spend
Boomers,None
Boomers,Reduce
Boomers,Reduce
Generation X,Reduce
Millennials,Spend
Generation X,Reduce
Boomers,Spend
Generation X,Reduce
Boomers,Spend
Boomers,Reduce
Boomers,Reduce
Boomers,Reduce
Boomers,Spend
Boomers,Spend
Millennials,Spend
Boomers,Reduce
Boomers,Reduce
Generation X,None
Generation X,Reduce
Boomers,Reduce
Boomers,Spend
Millennials,None
Boomers,Reduce
Generation X,Reduce
Boomers,Spend
Millennials,Spend
Millennials,Spend
Millennials,Reduce
Boomers,Reduce
Boomers,Spend
Boomers,Reduce
Millennials,Reduce
Millennials,None
Millennials,Spend
Generation X,Reduce
Boomers,None
Boomers,Spend
Boomers,Spend
Generation X,Reduce
Millennials,Reduce
Millennials,Spend
Boomers,Reduce
Generation X,Reduce
Boomers,Spend
Millennials,Reduce
Boomers,Spend
Boomers,Reduce
Generation X,Spend
Boomers,Spend
Boomers,Spend
Boomers,Spend
Boomers,Reduce
Boomers,Spend
Generation X,Reduce
Boomers,Reduce
Generation X,Spend
Millennials,Reduce
Boomers,Spend
Generation X,Spend
Boomers,Spend
Millennials,Reduce
Boomers,Reduce
Boomers,Spend
Boomers,Reduce
Millennials,Spend
Generation X,None
Boomers,Reduce
Millennials,Reduce
Boomers,Spend
Boomers,Spend
Boomers,Spend
Generation X,Spend
Generation X,Spend
Generation X,Reduce
Boomers,Spend
Boomers,Spend
Boomers,Reduce
Boomers,None
Generation X,Reduce
Boomers,Reduce
Generation X,Reduce
Boomers,Reduce
Boomers,Reduce
Boomers,Reduce
Boomers,Spend
Boomers,Spend
Millennials,Spend
Millennials,Reduce
Millennials,Reduce
Boomers,Spend
Boomers,Reduce
Boomers,Reduce
Generation X,Reduce
Boomers,Reduce
Boomers,Spend
Boomers,Spend
Boomers,Spend
Generation X,Spend
Generation X,Spend
Boomers,Reduce
Boomers,Reduce
Generation X,Spend
Boomers,Reduce
Millennials,Spend
Boomers,Spend
Generation X,Reduce
Boomers,Reduce
Boomers,Reduce
Generation X,Reduce
Generation X,Spend
Boomers,Spend
Boomers,Spend
Boomers,Spend
Millennials,Spend
Boomers,Spend
Boomers,Reduce
Generation X,Reduce
Boomers,Reduce
Millennials,Spend
Boomers,Reduce
Generation X,Spend
Millennials,Spend
Generation X,Reduce
Millennials,Reduce
Millennials,Spend
Generation X,Spend
Generation X,Spend
Boomers,Spend
Millennials,Spend
Boomers,Spend
Boomers,None
Generation X,Spend
Boomers,Spend
Boomers,Spend
Generation X,Reduce
Generation X,Spend
Generation X,Spend
Millennials,Reduce
Generation X,Spend
Generation X,Spend
Generation X,None
Boomers,Reduce
Boomers,Spend
Generation X,Spend
Boomers,Spend
Boomers,Spend
Millennials,Reduce
Millennials,Reduce
Boomers,None
Generation X,Reduce
Millennials,Reduce
Boomers,Reduce
Generation X,Spend
Boomers,Reduce
Generation X,Reduce
Millennials,Spend
Boomers,Spend
Boomers,Spend
Boomers,Reduce
Boomers,Reduce
Boomers,None
Millennials,None
Millennials,Spend
Boomers,None
Boomers,Spend
Generation X,Reduce
Boomers,Reduce
Boomers,Spend
Boomers,Reduce
Generation X,Reduce
Boomers,Reduce
Generation X,Spend
Generation X,Spend
Generation X,Spend
Boomers,Reduce
Boomers,Reduce
Generation X,Spend
Boomers,Spend
Boomers,Reduce
Boomers,Reduce
Boomers,Spend
Generation X,Reduce
Generation X,Spend
Boomers,Reduce
Boomers,Reduce
Boomers,Reduce
Boomers,Spend
Boomers,Spend
Generation X,Spend
Generation X,Spend
Millennials,Reduce
Boomers,Spend
Generation X,Spend
Boomers,None
Generation X,Reduce
Millennials,Spend
Boomers,Reduce
Boomers,Spend
Boomers,Reduce
Boomers,Spend
Boomers,Spend
Generation X,Spend
Generation X,Spend
Boomers,Spend
Boomers,Spend
Generation X,Reduce
Boomers,Reduce
Generation X,Spend
Boomers,None
Boomers,Reduce
Generation X,Spend
Boomers,Reduce
Millennials,Reduce
Millennials,Spend
Millennials,Reduce
Millennials,Spend
Boomers,Spend
Boomers,Spend
Boomers,Reduce
Millennials,Spend
Millennials,Spend
Millennials,Reduce
Generation X,Reduce
Millennials,Reduce
Generation X,Spend
Generation X,Reduce
Boomers,Reduce
Millennials,Spend
Millennials,Spend
Boomers,Reduce
Boomers,Spend
Generation X,Reduce
Boomers,Reduce
Boomers,Spend
Boomers,Spend
Generation X,Spend
Boomers,Spend
Generation X,Reduce
Boomers,Reduce
Millennials,Spend
Generation X,Spend
Generation X,Reduce
Boomers,Reduce
Generation X,Reduce
Boomers,Spend
Boomers,Spend
Boomers,Spend
Boomers,Spend
Generation X,Spend
Millennials,Reduce
Boomers,Reduce
Generation X,Reduce
Boomers,Spend
Boomers,Reduce
Boomers,Reduce
Millennials,None
Boomers,Reduce
Millennials,Reduce
Generation X,Spend
Boomers,Spend
Boomers,Spend
Boomers,Reduce
Generation X,Reduce
Boomers,Spend
Generation X,Reduce
Millennials,Spend
Boomers,Reduce
Boomers,Reduce
Generation X,Spend
Boomers,Reduce
Millennials,Spend
Boomers,Reduce
Generation X,Reduce
Boomers,Reduce
Millennials,Reduce
Boomers,Spend
Generation X,Spend
Boomers,Reduce
Boomers,Reduce
Generation X,Spend
Generation X,Reduce
Boomers,Spend
Boomers,Spend
Boomers,Reduce
Millennials,Spend
Generation X,Spend
Millennials,Reduce
Boomers,Spend
Boomers,Spend
Millennials,Reduce
Generation X,Spend
Boomers,Spend
Millennials,Reduce
Generation X,Spend
Generation X,Spend
Boomers,Reduce
Millennials,Reduce
Boomers,Reduce
Boomers,Reduce
Boomers,Reduce
Boomers,Reduce
Millennials,Spend
Boomers,Reduce
Millennials,Spend
Generation X,Reduce
Boomers,Reduce
Generation X,Spend
Generation X,Reduce
Boomers,Spend
Boomers,Spend
Boomers,Reduce
Boomers,Spend
Boomers,Spend
Generation X,Spend
Boomers,Reduce
Generation X,Reduce
Boomers,Spend
Boomers,Reduce
Generation X,Reduce
Boomers,Spend
Generation X,Spend
Millennials,Reduce
Boomers,Spend
Boomers,Spend
Millennials,Spend
Boomers,Reduce
Generation X,Reduce
Boomers,Reduce
Generation X,Reduce
Millennials,Spend
Generation X,Spend
Boomers,Spend
Millennials,Reduce
Generation X,Reduce
Millennials,Reduce
Millennials,Reduce
Boomers,Reduce
Boomers,Spend
Boomers,Spend
Millennials,Spend
Generation X,Spend
Boomers,Reduce
Generation X,Spend
Boomers,Spend
Boomers,Reduce
Boomers,Reduce
Boomers,Spend
Millennials,Reduce
Boomers,None
Generation X,Spend
Millennials,Reduce
Boomers,None
Boomers,Spend
Boomers,Reduce
Millennials,Reduce
Boomers,Spend
Generation X,Spend
Generation X,Spend
Millennials,Spend
Millennials,Spend
Boomers,Spend
Millennials,Reduce
Generation X,Spend
Boomers,Reduce
Boomers,Spend
Boomers,Reduce
Generation X,Reduce
Millennials,Reduce
Boomers,Reduce
Millennials,Reduce
Boomers,Reduce
Boomers,Spend
Boomers,Reduce
Boomers,Spend
Generation X,Reduce
Generation X,Spend
Boomers,Reduce
Boomers,Reduce
Boomers,Reduce
Generation X,Reduce
Millennials,Reduce
Generation X,Reduce
Boomers,Spend
Generation X,None
Boomers,Reduce
Boomers,Spend
Boomers,Reduce
Generation X,Spend
Generation X,Spend
Boomers,Reduce
Boomers,Reduce
Boomers,Reduce
Generation X,Reduce
Boomers,Reduce
Millennials,Reduce
Boomers,Spend
Millennials,Reduce
Generation X,Reduce
Millennials,Reduce
Generation X,Reduce
Generation X,Spend
Millennials,Reduce
Millennials,Spend
Millennials,Spend
Boomers,Reduce
Boomers,None
Boomers,Reduce
Millennials,Spend
Generation X,Reduce
Boomers,Reduce
Boomers,Reduce
Generation X,Reduce
Generation X,Spend
Boomers,Reduce
Generation X,Reduce
Generation X,Spend
Millennials,Spend
Generation X,Reduce
Millennials,Reduce
Boomers,Reduce
Generation X,Reduce
Generation X,Reduce
Generation X,Reduce
Boomers,Reduce
Generation X,Spend
Generation X,Spend
Millennials,Spend
Generation X,Reduce
Boomers,Spend
Boomers,Reduce
Generation X,Spend
Generation X,Reduce
Generation X,Spend
Boomers,Reduce
Generation X,Reduce
Boomers,Spend
Boomers,Spend
Boomers,Reduce
Millennials,Reduce
Generation X,Reduce
Millennials,Spend
Boomers,Spend
Boomers,Reduce
Boomers,Spend
Millennials,Spend
Millennials,Spend
Millennials,Reduce
Generation X,Reduce
Millennials,Reduce
Generation X,Spend
Generation X,Spend
Boomers,Spend
Boomers,Reduce
Boomers,Spend
Millennials,Reduce
Boomers,Spend
Generation X,Reduce
Boomers,Spend
Boomers,Spend
Boomers,Spend
Generation X,Spend
Generation X,Reduce
Boomers,Spend
Boomers,Spend
Boomers,Spend
Generation X,Spend
Boomers,Spend
Boomers,Reduce
Boomers,Spend
Millennials,Spend
Generation X,Reduce
Generation X,Reduce
Millennials,Reduce
Generation X,Reduce
Millennials,Spend
Boomers,Reduce
Generation X,Reduce
Boomers,Spend
Boomers,Reduce
Millennials,Spend
Millennials,Reduce
Generation X,Spend
Boomers,Spend
Boomers,Spend
Millennials,Spend
Boomers,Reduce
Generation X,Spend
Generation X,Reduce
Boomers,Spend
Millennials,Reduce
Boomers,Spend
Boomers,Spend
Generation X,Reduce
Millennials,None
Boomers,Spend
Generation X,Reduce
Millennials,Spend
Boomers,Spend
Generation X,None
Boomers,Reduce
Generation X,Spend
Boomers,Reduce
